{"errors":[],"warnings":[],"namedChunkGroups":{"app":{"chunks":[10,3],"assets":["webpack-runtime-e1be674dbedd7adf4879.js","webpack-runtime-e1be674dbedd7adf4879.js.map","app-f2d82ab4a95073ea3f4a.js","app-f2d82ab4a95073ea3f4a.js.map"],"children":{},"childAssets":{}},"component---node-modules-gatsby-plugin-offline-app-shell-js":{"chunks":[4],"assets":["component---node-modules-gatsby-plugin-offline-app-shell-js-198b9ad945aeaf69efd8.js","component---node-modules-gatsby-plugin-offline-app-shell-js-198b9ad945aeaf69efd8.js.map"],"children":{},"childAssets":{}},"component---src-pages-404-js":{"chunks":[0,2,1,5],"assets":["0.b3208c1a408e9afea848.css","0-1c681cbbe7db0279fd21.js","0-1c681cbbe7db0279fd21.js.map","2-2c6775a9712c1163b767.js","2-2c6775a9712c1163b767.js.map","1.86954ed6880cae6e8336.css","1-461789afea1d7219c249.js","1-461789afea1d7219c249.js.map","component---src-pages-404-js-26cbab79c20a888d29ce.js","component---src-pages-404-js-26cbab79c20a888d29ce.js.map"],"children":{},"childAssets":{}},"component---src-pages-graphic-js":{"chunks":[0,2,1,6],"assets":["0.b3208c1a408e9afea848.css","0-1c681cbbe7db0279fd21.js","0-1c681cbbe7db0279fd21.js.map","2-2c6775a9712c1163b767.js","2-2c6775a9712c1163b767.js.map","1.86954ed6880cae6e8336.css","1-461789afea1d7219c249.js","1-461789afea1d7219c249.js.map","component---src-pages-graphic-js-23550bed22511cf8c356.js","component---src-pages-graphic-js-23550bed22511cf8c356.js.map"],"children":{},"childAssets":{}},"component---src-pages-index-js":{"chunks":[0,2,1,7],"assets":["0.b3208c1a408e9afea848.css","0-1c681cbbe7db0279fd21.js","0-1c681cbbe7db0279fd21.js.map","2-2c6775a9712c1163b767.js","2-2c6775a9712c1163b767.js.map","1.86954ed6880cae6e8336.css","1-461789afea1d7219c249.js","1-461789afea1d7219c249.js.map","component---src-pages-index-js-8d7f90edf4ca70e62e55.js","component---src-pages-index-js-8d7f90edf4ca70e62e55.js.map"],"children":{},"childAssets":{}},"component---src-pages-page-2-js":{"chunks":[0,1,8],"assets":["0.b3208c1a408e9afea848.css","0-1c681cbbe7db0279fd21.js","0-1c681cbbe7db0279fd21.js.map","1.86954ed6880cae6e8336.css","1-461789afea1d7219c249.js","1-461789afea1d7219c249.js.map","component---src-pages-page-2-js-9cef82e6c7ca762e1211.js","component---src-pages-page-2-js-9cef82e6c7ca762e1211.js.map"],"children":{},"childAssets":{}}},"assetsByChunkName":{"app":["webpack-runtime-e1be674dbedd7adf4879.js","app-f2d82ab4a95073ea3f4a.js"],"component---node-modules-gatsby-plugin-offline-app-shell-js":["component---node-modules-gatsby-plugin-offline-app-shell-js-198b9ad945aeaf69efd8.js"],"component---src-pages-404-js":["0.b3208c1a408e9afea848.css","0-1c681cbbe7db0279fd21.js","2-2c6775a9712c1163b767.js","1.86954ed6880cae6e8336.css","1-461789afea1d7219c249.js","component---src-pages-404-js-26cbab79c20a888d29ce.js"],"component---src-pages-graphic-js":["0.b3208c1a408e9afea848.css","0-1c681cbbe7db0279fd21.js","2-2c6775a9712c1163b767.js","1.86954ed6880cae6e8336.css","1-461789afea1d7219c249.js","component---src-pages-graphic-js-23550bed22511cf8c356.js"],"component---src-pages-index-js":["0.b3208c1a408e9afea848.css","0-1c681cbbe7db0279fd21.js","2-2c6775a9712c1163b767.js","1.86954ed6880cae6e8336.css","1-461789afea1d7219c249.js","component---src-pages-index-js-8d7f90edf4ca70e62e55.js"],"component---src-pages-page-2-js":["0.b3208c1a408e9afea848.css","0-1c681cbbe7db0279fd21.js","1.86954ed6880cae6e8336.css","1-461789afea1d7219c249.js","component---src-pages-page-2-js-9cef82e6c7ca762e1211.js"]}}